{"Right arm": "Right arm swings naturally as the person walks and maintains balance when stepping over something.", "Left arm": "Left arm swings naturally as the person walks and adjusts slightly to help maintain balance when stepping over something.", "Spine": "Spine remains upright, allowing for a fluid motion while walking and bending slightly when stepping over something.", "Right leg": "Right leg moves forward in a stepping motion, and lifts higher to step over the obstacle.", "Left leg": "Left leg follows by stepping forward and lifts to step over the obstacle after the right leg."}
