{
    "Right arm": "The right arm moves in and out from the body during the squat and is held steady otherwise.",
    "Left arm": "The left arm raises and lowers during the step and moves in and out from the body during the squat.",
    "Spine": "The spine stays upright during the step, bends slightly during the squat, and straightens to stand.",
    "Right leg": "The right leg steps forward and then backward, slides to the left, bends during the squat, and straightens to stand.",
    "Left leg": "The left leg steps forward and then backward, slides to the left, bends during the squat, and straightens to stand."
}