{"Right arm": "The right arm is spread outward from the body while the man is lying on his stomach.", "Left arm": "The left arm is spread outward from the body while the man is lying on his stomach.", "Spine": "The spine allows for slight twisting as the man looks both ways while lying on his stomach.", "Right leg": "The right leg is spread outward from the body while the man is lying on his stomach.", "Left leg": "The left leg is spread outward from the body while the man is lying on his stomach."}
