{"Right arm": "The right arm is initially stretched out to the side and then lowers, comes forward to clap, and finally relaxes as the person steps forward to sit.", "Left arm": "The left arm is initially stretched out to the side and then lowers, comes forward to clap, and finally relaxes as the person steps forward to sit.", "Spine": "The spine remains upright as the arms are lowered, bends slightly forward during the clapping motion, and then aligns with the body as the person steps forward to sit.", "Right leg": "The right leg supports the body as it steps forward and bends slightly to help in sitting down.", "Left leg": "The left leg supports the body as it steps forward and bends slightly to assist in sitting down."}
