{"Right arm": "The right arm swings lightly back and forth as the man walks and rests by his side when he sits down.", "Left arm": "The left arm swings gently in coordination with the right arm as the man walks and hangs by his side when he sits down.", "Spine": "The spine straightens as the man stands up, maintains an erect posture while walking, and bends slightly as he sits back down.", "Right leg": "The right leg moves forward and follows the circular path in coordination with the left leg as the man walks and bends to allow the man to sit.", "Left leg": "The left leg cooperates with the right leg to propel the man forward in a circular path and bends alongside the right leg to sit down."}
