{"Right arm": "The right arm swings naturally with the steps while casually walking.", "Left arm": "The left arm swings naturally with the steps while casually walking.", "Spine": "The spine maintains an upright position to allow balanced movement.", "Right leg": "The right leg moves forward and supports the weight alternately as the person walks and abruptly steps left before recovering to a straight walk.", "Left leg": "The left leg moves forward and supports the weight alternately, performing an abrupt step to the left before returning to its normal walking pattern."}
