{"Right arm": "The right arm swings naturally back and forth, adjusting slightly inward during the sharp turn right.", "Left arm": "The left arm swings naturally back and forth, adjusting slightly outward during the sharp turn right.", "Spine": "The spine maintains an upright posture and twists slightly to the right during the sharp turn.", "Right leg": "The right leg steps forward, bending at the knee, and then pivots quickly to the right during the sharp turn.", "Left leg": "The left leg steps forward, bending at the knee, and then follows in the pivot to the right during the sharp turn."}
