{"Right arm": "The right arm reaches forward, grasps the object, tilts it, and then sets it down.", "Left arm": "The left arm reaches forward, grasps the object, assists in tilting, and then sets it down.", "Spine": "The spine bends slightly forward during the picking and tilting process, then straightens as the object is set down.", "Right leg": "The right leg remains stable and supports balance throughout the motion.", "Left leg": "The left leg remains stable and supports balance throughout the motion."}
