{"Right arm": "The right arm swings gently back and forth in coordination with the walking motion.", "Left arm": "The left arm swings gently back and forth in coordination with the walking motion.", "Spine": "The spine remains slightly hunched forward while walking and turning.", "Right leg": "The right leg moves forward alternately with the left leg, participating in the walking motion, and pivots as the person turns to their right.", "Left leg": "The left leg moves forward alternately with the right leg, participating in the walking motion, and pivots as the person turns to their right."}
