{
    "Right arm": "The right arm swings forward and backward alternately with the left arm.",
    "Left arm": "The left arm swings forward and backward alternately with the right arm.",
    "Spine": "The spine maintains an upright posture with a slight forward lean when jogging.",
    "Right leg": "The right leg alternates between stepping forward and pulling back, then jogs on the spot, and finally jogs in a circular path.",
    "Left leg": "The left leg alternates between stepping forward and pulling back, then jogs on the spot, and finally jogs in a circular path."
}