{"Right arm": "The right arm swings back and forth as the man runs to the right, to the left, and back to the middle.", "Left arm": "The left arm mirrors the motion of the right arm, swinging rhythmically as the man changes direction.", "Spine": "The spine remains upright, twisting slightly as needed to stabilize the body during the running motion.", "Right leg": "The right leg moves swiftly, alternating between stepping and pushing off the ground as the man runs.", "Left leg": "The left leg complements the motion of the right leg, propelling the body in the desired direction."}
