{
    "Right arm": "The right arm is bent at the elbow, moving forward and back to assist with crawling.",
    "Left arm": "The left arm is bent at the elbow, moving forward and back to assist with crawling.",
    "Spine": "The spine flexes and extends in a wave-like motion while crawling, then straightens to stand.",
    "Right leg": "The right leg steps back, then bends and extends to assist with crawling, before straightening to stand.",
    "Left leg": "The left leg steps back, then bends and extends to assist with crawling, before straightening to stand."
}