{"Right arm": "The right arm swings forward with the jump, then follows the body's motion to turn around.", "Left arm": "The left arm swings forward with the jump, then mirrors the right arm's movement to help turn around.", "Spine": "The spine bends slightly as the person jumps and assists in the fluid turning motion before straightening for the next jump.", "Right leg": "The right leg pushes off the ground to initiate the jump forward, helping to pivot the body during the turn, and lands firmly to jump in the opposite direction.", "Left leg": "The left leg mirrors the right leg, pushing off and pivoting to assist in the turn and subsequent jump in the other direction."}
