{"Right arm": "The right arm swings casually back and forth as the person walks forward.", "Left arm": "The left arm swings casually back and forth as the person walks forward.", "Spine": "The spine maintains a relaxed posture while the person stands and then maintains a stable but relaxed position during walking.", "Right leg": "The right leg steps forward casually, moving in rhythm with the left leg when walking.", "Left leg": "The left leg steps forward casually, moving in rhythm with the right leg when walking."}
