{
    "Right arm": "The right arm swings for balance and then swings naturally while walking.",
    "Left arm": "The left arm swings for balance and then swings naturally while walking.",
    "Spine": "The spine bends slightly forward during a jump, straightens on landing, and rotates for turning.",
    "Right leg": "The right leg extends for a jump, bends on landing, and steps forward while walking.",
    "Left leg": "The left leg extends for a jump, bends on landing, and steps forward while walking."
}