{"Right arm": "Right arm draws back, preparing to throw something, then extends forward with a follow-through, and finally reaches across to grab the left foot.", "Left arm": "Left arm raises to the center of the chest and remains steady during the throwing motion.", "Spine": "Spine twists slightly as the right hip and body shift forward during the throw and bends slightly when reaching to grab the left foot.", "Right leg": "Right leg steps back initially and supports the body while executing the throw.", "Left leg": "Left leg picks up, allowing the right arm to grab the left foot."}
