{
    "Right arm": "The right arm moves slightly back, then forward when turning left, before swaying to adjust the direction change.",
    "Left arm": "The left arm moves slightly forward, then back when turning left, before swaying to adjust the direction change.",
    "Spine": "The spine twists left and then straightens, twisting slightly when changing direction.",
    "Right leg": "The right leg steps forward when moving right, pivoting to move left.",
    "Left leg": "The left leg steps forward when moving right, pivoting to move left."
}