{"Right arm": "The right arm moves rhythmically with each step, swinging naturally as the person jumps and runs.", "Left arm": "The left arm mirrors the motion of the right arm, swinging in tandem during the entire sequence.", "Spine": "The spine remains upright and stable, allowing for smooth movement as the person steps, jumps, and runs.", "Right leg": "The right leg steps backward, pushes off the ground for the jump, runs forward in a steady stride, and then follows suit in running backward.", "Left leg": "The left leg coordinates with the right leg, stepping backward, providing lift during the jump, running forward, and then propelling backwards."}
