{
    "Right arm": "The right arm swings gently while walking, reaches down to pick up the object, holds the object while walking, and extends forward to put the object down.",
    "Left arm": "The left arm swings gently while walking and swings gently while carrying the object.",
    "Spine": "The spine maintains an upright posture, bends forward slightly to pick up the object, rotates to turn around, and bends forward slightly to put the object down.",
    "Right leg": "The right leg steps forward and backward, and pivots during the turn.",
    "Left leg": "The left leg steps forward and backward, and pivots during the turn."
}