{
    "Right arm": "The right arm reaches out to the right, grasps, lifts towards the left side, mimics a washing motion, returns back to the right, and releases.",
    "Left arm": "The left arm remains idle, possibly making slight adjustments for balance.",
    "Spine": "The spine slightly twists to the right, then twists to the left, and returns to a neutral position.",
    "Right leg": "The right leg steps slightly to the right for balance, then returns to a neutral stance.",
    "Left leg": "The left leg steps slightly to the left to assist in balance, and then returns to a neutral stance."
}