{
    "Right arm": "The right arm swings naturally while walking and rests on the thighs while sitting.",
    "Left arm": "The left arm swings naturally while walking and rests on the thighs while sitting.",
    "Spine": "The spine straightens when standing up and performs a slight twisting motion while turning during walking.",
    "Right leg": "The right leg lifts and moves in step while walking and bends while sitting.",
    "Left leg": "The left leg lifts and moves in step while walking and bends while sitting."
}