{"Right arm": "The right arm is extended slightly forward and the fingers quickly tap on an imaginary keypad, then it lifts up to hold an imaginary phone to the ear.", "Left arm": "The left arm is bent at the elbow and relaxed at the side initially, then slightly rises to maintain balance.", "Spine": "The spine is upright, providing support as the body focuses on typing, then slightly tilts as the imaginary phone is brought to the ear.", "Right leg": "The right leg remains stable and slightly shifts weight to maintain balance during the typing action.", "Left leg": "The left leg remains stable and provides balance as the body shifts slightly during the motion of making a phone call."}
