{"Right arm": "The right arm swings alternately forward and backward to maintain balance while zig zagging.", "Left arm": "The left arm swings alternately forward and backward in coordination with the right arm for balance.", "Spine": "The spine maintains a slight bend to accommodate the side-to-side movement required for zig zagging.", "Right leg": "The right leg steps diagonally forward and then back to follow the zig zag pattern.", "Left leg": "The left leg follows suit by stepping diagonally, coordinating with the right leg to maintain the zig zag pattern."}
