{"Right arm": "The right arm swings gently back and forth with each step, and then assists in maintaining balance during the turn and moves to a resting position while being seated.", "Left arm": "The left arm swings gently back and forth with each step, and then assists in maintaining balance during the turn and moves to a resting position while being seated.", "Spine": "The spine remains upright and stable while walking, twists slightly during the turn, and bends forward to allow the body to sit down.", "Right leg": "The right leg moves forward, alternating with the left leg during walking, pivots during the turn, and bends to lower the body into a sitting position.", "Left leg": "The left leg moves forward, alternating with the right leg during walking, pivots during the turn, and bends to lower the body into a sitting position."}
