{
    "Right arm": "The right arm sways rhythmically with running and then swings backward in natural opposition.",
    "Left arm": "The left arm sways rhythmically with running and then swings backward in natural opposition.",
    "Spine": "The spine remains erect, with a slight twisting motion during the run, and returns upright during the walk.",
    "Right leg": "The right leg strides forward and then steps backward.",
    "Left leg": "The left leg strides forward and then steps backward."
}