{"Right arm": "The right arm swings naturally back and forth in coordination with running.", "Left arm": "The left arm swings naturally back and forth in coordination with running.", "Spine": "The spine maintains a flexible posture to absorb the impact while running and jumping.", "Right leg": "The right leg pushes off the ground, propels the body upward during the jump, and lands to continue running.", "Left leg": "The left leg pushes off the ground, propels the body upward during the jump, and lands to continue running."}
