{"Right arm": "Right arm swings naturally in coordination with the walking motion.", "Left arm": "Left arm swings naturally in coordination with the walking motion.", "Spine": "Spine maintains an upright posture and rotates slightly during the abrupt turn.", "Right leg": "Right leg steps forward rhythmically with each pace, pivots during the turn, and then steps backward to return.", "Left leg": "Left leg steps forward rhythmically with each pace, pivots during the turn, and then steps backward to return."}
