{"Right arm": "Right arm reaches forward and pulls back to help propel the body forward during the crawl.", "Left arm": "Left arm alternates with the right arm, reaching forward and pulling back to assist in the crawling motion.", "Spine": "Spine remains low and flexible, curving to allow the body to stay close to the ground during crawling.", "Right leg": "Right leg pushes off the ground in a rhythm with the left leg, aiding in forward movement before tucking in as the body turns counterclockwise.", "Left leg": "Left leg works in tandem with the right leg, providing propulsion in crawling and adjusting to assist in the counterclockwise turn."}
