{
    "Right arm": "The right arm stretches out while spinning, bends down, reaches out, grips, and relaxes to the side.",
    "Left arm": "The left arm stretches out while spinning, bends down, reaches out, grips, and relaxes to the side.",
    "Spine": "The spine twists while spinning, bends down, and then straightens.",
    "Right leg": "The right leg steps around in a circle, bends while reaching down, and then walks forward.",
    "Left leg": "The left leg steps around in a circle, bends while reaching down, and then walks forward."
}