{
    "Right arm": "The right arm reaches forward to grasp the rung and then receives the object from the left hand.",
    "Left arm": "The left arm releases the rung, reaches to pick up the object, and transfers it to the right hand.",
    "Spine": "The spine bends slightly forward for balance and performs a slight twisting motion.",
    "Right leg": "The right leg lifts and steps onto the next rung of the ladder.",
    "Left leg": "The left leg lifts and steps onto the next rung of the ladder."
}