{
    "Right arm": "The right arm moves inward to clap, then swings naturally while walking, and bends to assist in sitting.",
    "Left arm": "The left arm moves inward to clap, then swings naturally while walking, and bends to assist in sitting.",
    "Spine": "The spine stays upright, then bends slightly forward while sitting.",
    "Right leg": "The right leg lifts and moves forward while walking, and bends to lower the body into the chair.",
    "Left leg": "The left leg lifts and moves forward while walking, and bends to lower the body into the chair."
}