{
    "Right arm": "The right arm is outstretched forward, then moves down as if placing something on a counter.",
    "Left arm": "The left arm is swinging naturally at the side while walking.",
    "Spine": "The spine is upright with a slight forward lean while reaching forward.",
    "Right leg": "The right leg is taking an alternating step forward, stopping, and then stepping back in a counter-clockwise direction.",
    "Left leg": "The left leg is taking an alternating step forward, stopping, and then stepping back in a counter-clockwise direction."
}