{"Right arm": "The right arm swings gently back and forth while the person walks forward, and slightly bends when the person stops and then lifts slightly during the jump.", "Left arm": "The left arm swings gently back and forth while the person walks forward, and slightly bends when the person stops and then lifts slightly during the jump.", "Spine": "The spine maintains an upright posture while the person walks forward, adjusts slightly when stopping, and compresses slightly during the jump before returning to an upright position.", "Right leg": "The right leg moves forward and backward rhythmically to facilitate walking, pauses when stopping, and then bends at the knee to jump lightly upward.", "Left leg": "The left leg moves forward and backward rhythmically to facilitate walking, pauses when stopping, and then bends at the knee to jump lightly upward."}
