{"Right arm": "The right arm swings naturally with the rhythm of the quick, intentional zig-zag walk.", "Left arm": "The left arm swings naturally with the rhythm of the quick, intentional zig-zag walk.", "Spine": "The spine remains upright, maintaining balance and posture as the person walks quickly in a zig-zag pattern.", "Right leg": "The right leg steps quickly and angled to the side to enable the zig-zag motion while moving forward.", "Left leg": "The left leg steps quickly and angled to the opposite side to enable the zig-zag motion while moving forward."}
