{
    "Right arm": "The right arm moves forward, then swings back, repeats the motion, and extends when turning around.",
    "Left arm": "The left arm moves forward, then swings back, repeats the motion, and extends when turning around.",
    "Spine": "The spine bends slightly forward during a step, lowers and flexes during a squat, and straightens upon recovery.",
    "Right leg": "The right leg steps forward, bends at the knee during a squat, straightens to recover, takes a step while turning, and bends for a squat.",
    "Left leg": "The left leg supports the body, bends at the knee during a squat, straightens to recover, supports while turning, and bends for a squat."
}