{
    "Right arm": "The right arm supports the body while crawling and adjusts its position.",
    "Left arm": "The left arm supports the body while crawling and adjusts its position.",
    "Spine": "The spine bends down into a kneeling position, stays low while crawling, and straightens when standing.",
    "Right leg": "The right leg bends into a kneeling position, pushes forward while crawling, and lifts and balances when standing.",
    "Left leg": "The left leg bends into a kneeling position, pushes forward while crawling, and lifts and balances when standing."
}