{
    "Right arm": "The right arm slightly sways with movement while shuffling.",
    "Left arm": "The left arm slightly sways with movement while shuffling.",
    "Spine": "The spine bends forward slightly, then straightens as it sits and stands, bending sideways while shuffling.",
    "Right leg": "The right leg moves to the side in small steps while shuffling, bends to sit, and straightens to stand.",
    "Left leg": "The left leg moves to the side in small steps while shuffling, bends to sit, and straightens to stand."
}