{
    "Right arm": "The right arm swings back and forth in sync with the left leg, gradually slowing down.",
    "Left arm": "The left arm swings back and forth in sync with the right leg, gradually slowing down.",
    "Spine": "The spine maintains an upright position and becomes more stable as the pace slows.",
    "Right leg": "The right leg moves in a jogging motion and transitions to a walking motion by shortening its stride and pace.",
    "Left leg": "The left leg moves in a jogging motion and transitions to a walking motion by shortening its stride and pace."
}