{
    "Right arm": "The right arm is holding the basketball, then dribbling it, and extends upward to shoot.",
    "Left arm": "The left arm is holding the basketball, remains steady, and balances for shooting.",
    "Spine": "The spine performs a slight twist to the right while walking, bends slightly while dribbling, and then straightens for jumping and shooting.",
    "Right leg": "The right leg steps forward, then pushes off the ground to jump.",
    "Left leg": "The left leg steps forward and aids in jumping up."
}