{
    "Right arm": "The right arm swings naturally while walking and extends outwards during a twirl.",
    "Left arm": "The left arm swings naturally while walking and extends outwards during a twirl.",
    "Spine": "The spine remains upright and rotates during a twirl.",
    "Right leg": "The right leg steps forward alternately, spins on the heel during a twirl, and steps back alternately.",
    "Left leg": "The left leg steps forward alternately, spins on the toe during a twirl, and steps back alternately."
}