{
    "Right arm": "The right arm folds over the left arm and then straightens.",
    "Left arm": "The left arm holds its position under the right arm while keeping that position as the body moves.",
    "Spine": "The spine leans to the right, straightens, leans to the left, and then straightens again.",
    "Right leg": "The right leg supports the body during the lean to the right and stays stable during motions.",
    "Left leg": "The left leg supports the body during the lean to the left and stays stable during motions."
}