{
    "Right arm": "The right arm swings slightly forward and backward.",
    "Left arm": "The left arm swings slightly forward and backward.",
    "Spine": "The spine maintains an upright posture with a slight twist during steps.",
    "Right leg": "The right leg steps forward, steps up, steps left, steps back, steps up, and steps right with a slight pivot.",
    "Left leg": "The left leg steps forward, steps up, supports during the left step, steps back, steps up, and supports during the right step with a slight pivot."
}