{"Right arm": "The right arm waves from side to side and then moves upwards momentarily during the submersion move.", "Left arm": "The left arm waves from side to side, performs a submersion move, and then passes from the top right to the left lower position.", "Spine": "The spine bends slightly forward during the submersion move.", "Right leg": "The right leg shifts its weight from side to side to maintain balance during the arm movements.", "Left leg": "The left leg supports weight as the body shifts and moves during the arm waving and submersion move."}
