{"Right arm": "The right arm swings gently back and forth in rhythm with the steps as the person walks forward. When turning clockwise, the right arm swings out slightly to help balance the turn. As the person walks back, the right arm continues its gentle swinging motion.", "Left arm": "The left arm swings gently back and forth in rhythm with the steps as the person walks forward. When turning clockwise, the left arm swings out slightly to help balance the turn. As the person walks back, the left arm continues its gentle swinging motion.", "Spine": "The spine remains upright and straight, maintaining good posture as the person walks forward and turns. During the clockwise turn, the spine twists slightly along with the rotation of the body. As the person walks back, the spine remains upright and straight again.", "Right leg": "The right leg steps forward repeatedly, leading each step as the person walks forward. When the turn begins, the right leg pivots slightly to assist the clockwise rotation. The right leg then repeats the stepping motion as the person walks back.", "Left leg": "The left leg follows in step, supporting the body as the person walks forward. During the clockwise turn, the left leg provides stability and pivots with the body. As the person walks back, the left leg continues its rhythmic stepping motion."}
