{
    "Right arm": "The right arm reaches backward to touch the back and then moves in a smooth arc to the side.",
    "Left arm": "The left arm hangs loosely at the side and occasionally swings slightly.",
    "Spine": "The spine bends slightly back and then straightens, rotating gently counterclockwise.",
    "Right leg": "The right leg steps backward, staggers forward, and moves in small counterclockwise steps.",
    "Left leg": "The left leg steps backward, staggers forward, and moves in small counterclockwise steps."
}