{"Right arm": "Right arm is moved gently and then reaches down to pick up the object.", "Left arm": "Left arm reaches down with the right arm to hold and pick up the object.", "Spine": "Spine bends slightly forward to assist in picking up the object and then straightens as the object is moved to the side.", "Right leg": "Right leg remains steady to support the motion of picking up and putting down the object.", "Left leg": "Left leg remains steady to support the motion of picking up and putting down the object."}
