{
    "Right arm": "The right arm moves inward and upward towards the armpit, then extends out at a 45-degree angle from the side.",
    "Left arm": "The left arm moves inward and upward towards the armpit, then extends out at a 45-degree angle from the side.",
    "Spine": "The spine extends during the jump, then stabilizes upon landing, with a slight forward lean during the jog.",
    "Right leg": "The right leg jumps up, lands, and then moves in a jogging motion forward.",
    "Left leg": "The left leg jumps up, lands, and then moves in a jogging motion forward."
}