{
    "Right arm": "The right arm reaches upwards above the head after the squat and then returns to the sides during the squat.",
    "Left arm": "The left arm reaches upwards above the head after the squat and then returns to the sides during the squat.",
    "Spine": "The spine bends slightly forward during the squat, extends during the jump, and then returns to the squat.",
    "Right leg": "The right leg bends at the knee during the squat, pushes off the ground during the jump, and then returns to the squat.",
    "Left leg": "The left leg bends at the knee during the squat, pushes off the ground during the jump, and then returns to the squat."
}