{"Right arm": "The right arm moves up and down slightly in rhythm with the bouncing motion.", "Left arm": "The left arm moves up and down slightly in rhythm with the bouncing motion.", "Spine": "The spine maintains an upright posture with a slight flexion and extension during the bounce.", "Right leg": "The right leg bends at the knee and extends as the person bounces on the balls of their feet.", "Left leg": "The left leg bends at the knee and extends as the person bounces on the balls of their feet."}
