{"Right arm": "The right arm swings naturally while walking, then extends to place something on a table.", "Left arm": "The left arm swings naturally while walking, then moves slightly to help balance as the person sits down.", "Spine": "The spine remains aligned and adjusts to changes in posture from standing to sitting.", "Right leg": "The right leg moves forward stepping around the chair and then bends as the person sits down.", "Left leg": "The left leg coordinates with the right leg in stepping around the chair and bends to lower into the sitting position."}
