{"Right arm": "The right arm swings rhythmically as the person walks in place, then swings slightly faster as the person jogs in place.", "Left arm": "The left arm swings rhythmically as the person walks in place, then swings slightly faster as the person jogs in place.", "Spine": "The spine remains upright and maintains a gentle movement to balance the swinging of the arms during both walking and jogging motions.", "Right leg": "The right leg alternates lifting and lowering in a stepping motion, simulating walking, then increases pace to simulate jogging in place.", "Left leg": "The left leg alternates lifting and lowering in a stepping motion, simulating walking, then increases pace to simulate jogging in place."}
