{"Right arm": "The right arm swings rhythmically back and forth in coordination with the steps.", "Left arm": "The left arm swings rhythmically back and forth in coordination with the steps.", "Spine": "The spine maintains an upright posture while slightly rotating with each step to assist in the forward motion.", "Right leg": "The right leg moves forward alternately with the left leg, stepping briskly with purpose.", "Left leg": "The left leg moves forward alternately with the right leg, stepping briskly with purpose."}
