{
    "Right arm": "The right arm throws a ball forward, then moves to catch it and finally lowers to the side.",
    "Left arm": "The left arm moves to catch a ball with both hands and lowers to the side afterwards.",
    "Spine": "The spine slightly rotates to the right during the throw, then straightens during the catch, and finally stabilizes upright.",
    "Right leg": "The right leg shifts weight during the throw, balances during the catch, and stands still afterwards.",
    "Left leg": "The left leg supports weight during the throw, balances during the catch, and stands still afterwards."
}