{
    "Right arm": "The right arm swings back and forth while walking and relaxes while sitting.",
    "Left arm": "The left arm swings back and forth while walking and relaxes while sitting.",
    "Spine": "The spine maintains an upright posture while walking and sitting and bends slightly when sitting down and getting up.",
    "Right leg": "The right leg steps forward alternately while walking and bends at the knee when sitting and getting up.",
    "Left leg": "The left leg steps forward alternately while walking and bends at the knee when sitting and getting up."
}