{
    "Right arm": "the right arm swings gently while walking, presses down and supports the body while crawling, and returns to the side when standing.",
    "Left arm": "the left arm swings gently while walking, presses down and supports the body while crawling, and returns to the side when standing.",
    "Spine": "the spine remains upright during walking, flexes to allow crawling, and straightens when standing.",
    "Right leg": "the right leg steps to the right while walking, pushes off the ground in a crawling position, and stabilizes when standing.",
    "Left leg": "the left leg steps to the right while walking, pushes off the ground in a crawling position, and stabilizes when standing."
}