{"Right arm": "The right arm is lifted sideways above the head and then lowered back down to the side of the body.", "Left arm": "The left arm is lifted sideways above the head and then lowered back down to the side of the body.", "Spine": "The spine remains upright and straight, allowing the torso to move steadily along with the arms and legs.", "Right leg": "The right leg is spread out sideways away from the body and then brought back together with the left leg.", "Left leg": "The left leg is spread out sideways away from the body and then brought back together with the right leg."}
