{"Right arm": "The right arm moves backward in sync with the opposite leg and then reaches forward alternately as the person crawls.", "Left arm": "The left arm moves backward in sync with the opposite leg and then reaches forward alternately as the person crawls.", "Spine": "The spine arches slightly forward when crawling and straightens while walking backward.", "Right leg": "The right leg steps backward in alternation and then pushes forward to crawl.", "Left leg": "The left leg steps backward in alternation and then pushes forward to crawl."}
