{
    "Right arm": "The right arm pumps back and forth during the run and swings naturally during the walk back.",
    "Left arm": "The left arm pumps back and forth during the run and swings naturally during the walk back.",
    "Spine": "The spine maintains a slight lean forward during the run and straightens up while turning and walking back.",
    "Right leg": "The right leg extends and propels forward during the run and steps in a steady motion during the walk back.",
    "Left leg": "The left leg extends and propels forward during the run and steps in a steady motion during the walk back."
}