{
    "Right arm": "The right arm supports the body while crawling and during the transition to hands, and it swings naturally while walking backwards.",
    "Left arm": "The left arm supports the body while crawling and during the transition to hands, and it swings naturally while walking backwards.",
    "Spine": "The spine bends forward while getting onto hands and knees, maintains a neutral position while crawling, and straightens when standing and walking.",
    "Right leg": "The right leg steps backwards while walking, bends to get on the knees, and pushes forward while crawling.",
    "Left leg": "The left leg steps backwards while walking, bends to get on the knees, and pushes forward while crawling."
}