{
    "Right arm": "The right arm starts relaxed beside the body, remains relaxed during the jump and turn, and ends relaxed beside the body.",
    "Left arm": "The left arm starts relaxed beside the body, remains relaxed during the jump and turn, and ends relaxed beside the body.",
    "Spine": "The spine straightens up during the jump and rotates 270\u00b0.",
    "Right leg": "The right leg bends and extends for the jump, assists in the turning motion, and lands with the body facing profile.",
    "Left leg": "The left leg bends and extends for the jump, assists in the turning motion, and lands with the body facing profile."
}