{
    "Right arm": "The right arm is relaxed and resting on the knees when sitting, and it is used for balance when standing up.",
    "Left arm": "The left arm is relaxed and resting on the knees when sitting, and it is used for balance when standing up.",
    "Spine": "The spine bends forward and then straightens when standing up.",
    "Right leg": "The right leg is bent and crossed over the left leg when sitting, and it unbends to support the body when standing up.",
    "Left leg": "The left leg is bent and crossed under the right leg when sitting, and it unbends to support the body when standing up."
}