{"Right arm": "The right arm swings gently back and forth as the person limps slowly in a straight line and turns around again.", "Left arm": "The left arm moves slightly to maintain balance while turning around and limping slowly in a straight line.", "Spine": "The spine rotates slightly as the person turns around, leaning slightly to accommodate the limping motion.", "Right leg": "The right leg bears more weight and moves forward steadily to support the limp in a straight line.", "Left leg": "The left leg steps gingerly, flexing minimally while limping slowly, and adjusting during the turn."}
