{
    "Right arm": "The right arm balances at the side during the hop, moves slightly for balance during the kick, and returns to the side upon stepping back.",
    "Left arm": "The left arm balances at the side during the hop, moves slightly for balance during the kick, and returns to the side upon stepping back.",
    "Spine": "The spine leans slightly forward during the hop and the kick, then straightens when stepping back.",
    "Right leg": "The right leg stays still during the hop, swings inward to kick the object, and returns to support the body when stepping back.",
    "Left leg": "The left leg hops forward and then lands, maintains balance after the kick, and steps back to the original position."
}