{
    "Right arm": "The right arm extends downwards to the left, lifts slightly upwards, and then extends downwards to the right again.",
    "Left arm": "The left arm extends downwards to the left, lifts slightly upwards, and then extends downwards to the right again.",
    "Spine": "The spine bends forward to the left, straightens, and then bends forward to the right.",
    "Right leg": "The right leg makes a slight bend and then straightens, followed by another slight bend and straightens again.",
    "Left leg": "The left leg makes a slight bend and then straightens, followed by another slight bend and straightens again."
}