{"Right arm": "The right arm swings naturally as the person walks forward and turns to the left.", "Left arm": "The left arm also swings naturally in sync with the stride as the person walks and turns.", "Spine": "The spine maintains an upright posture while allowing some rotational flexibility for turning to the left.", "Right leg": "The right leg steps forward and adjusts to the left turn by crossing behind the left leg as the person changes direction.", "Left leg": "The left leg moves forward, leading the left turn, and continues the walking motion as the person walks away."}
