{"Right arm": "The right arm moves forward to reach for the cup cover, then aligns it over the drink before gently pressing down to secure it in place.", "Left arm": "The left arm stabilizes the cup by holding it steady as the right arm places the cover.", "Spine": "The spine maintains an upright posture, slightly leaning forward to facilitate the reach.", "Right leg": "The right leg remains stationary, providing balance to the body.", "Left leg": "The left leg shifts slightly to adjust and maintain equilibrium."}
